2400-ST-2201,A
2400-ST-2401,A
2400-LIT-2101,A
2400-PT-2130,A
2400-ZT-2130,A
2400-PT-2138,A
2400-ZT-2138,A
2400-LT-2139,A
2400-LT-2140,A
2400-LT-2141,A
2400-PT-2143,A
2400-PT-2144,A
2400-LT-2145,A
2400-ZT-2146,A
2400-ZT-2149,A
2400-LT-2153,A
2400-ZT-2154,A
2400-ZT-2157,A
2400-LT-2161,A
2400-SZ-2201,A
2400-WIT-2204,A
2400-WIT-2205,A
2400-LIT-2301,A
2400-PT-2330,A
2400-ZT-2330,A
2400-PT-2338,A
2400-ZT-2338,A
2400-LT-2339,A
2400-LT-2340,A
2400-LT-2341,A
2400-PT-2343,A
2400-PT-2344,A
2400-LT-2345,A
2400-ZT-2346,A
2400-ZT-2349,A
2400-ZT-2354,A
2400-ZT-2357,A
2400-LT-2361,A
2400-SZ-2401,A
2400-LIT-2501,A
2400-LIT-2504,A
2400-FIT-2507,A
2400-LIT-2508,A
2400-FIT-2511,A
2400-TT-2603,A
2400-VI-2603A,A
2400-VIH-2603A,A
2400-VI-2603B,A
2400-VIH-2603B,A
2400-TT-2605,A
2400-VI-2605A,A
2400-VIH-2605A,A
2400-VI-2605B,A
2400-VIH-2605B,A
2400-TT-2607,A
2400-VI-2607A,A
2400-VIH-2607A,A
2400-VI-2607B,A
2400-VIH-2607B,A
2400-TT-2609,A
2400-VI-2609A,A
2400-VIH-2609A,A
2400-VI-2609B,A
2400-VIH-2609B,A
2400-VT-2801,A
2400-VT-2802,A
2400-TT-2811,A
2400-VT-2812,A
2400-TT-2813,A
2400-TT-2816,A
2400-TT-2817,A
2400-VT-2818,A
2400-TT-2819,A
2400-TT-2820,A
2400-TT-2821,A
2400-VT-2822,A
2400-VT-2823,A
2400-TT-2824,A
2400-VT-2825,A
2400-VT-2826,A
2400-TT-2827,A
2400-TT-2828,A
2400-PT-2901,A
2400-TT-2907,A
2400-SC-2201,A
2400-SC-2401,A
2400-VZ-2102,A
2400-LCV-2146,A
2400-LCV-2149,A
2400-LCV-2154,A
2400-LCV-2157,A
2400-VZ-2302,A
2400-PCV-2330,A
2400-PCV-2338,A
2400-LCV-2346,A
2400-LCV-2349,A
2400-LCV-2354,A
2400-LCV-2357,A
2400-LCV-2501,A
2400-FCV-2601,A
2400-FCV-2830,A
2400-HS-2927,D
2400-HS-2928,D
2400-HS-2103,D
2400-YSR-2104,D
2400-HS-2105,D
2400-TSH-2120,D
2400-TSHH-2120,D
2400-LSH-2121,D
2400-LSL-2121,D
2400-PDSH-2122,D
2400-PDSH-2123,D
2400-PDSH-2124,D
2400-PDSH-2125,D
2400-PSH-2126,D
2400-PSL-2129,D
2400-PSL-2137,D
2400-LSL-2142,D
2400-HS-2145,D
2400-HSC-2145,D
2400-HSO-2145,D
2400-HS-2153,D
2400-HSC-2153,D
2400-HSO-2153,D
2400-HK-2161,D
2400-HS-2161,D
2400-HSC-2161,D
2400-HSO-2161,D
2400-ZSC-2161,D
2400-ZSO-2161,D
2400-ZSC-2170,D
2400-ZSO-2170,D
2400-YS-2172A,D
2400-YS-2172B,D
2400-YS-2172C,D
2400-YS-2172D,D
2400-HS-2201,D
2400-HSD-2201,D
2400-HSU-2201,D
2400-YS-2201A,D
2400-YS-2201B,D
2400-LSH-2203,D
2400-SSL-2203,D
2400-HSS-2203A,D
2400-ZSH-2203A,D
2400-ZSHH-2203A,D
2400-HSS-2203B,D
2400-ZSH-2203B,D
2400-ZSHH-2203B,D
2400-ZSH-2203C,D
2400-ZSHH-2203C,D
2400-ZSH-2203D,D
2400-ZSHH-2203D,D
2400-LSH-2204,D
2400-SSL-2204,D
2400-ZSL-2204,D
2400-HSS-2204A,D
2400-ZSH-2204A,D
2400-ZSHH-2204A,D
2400-HSS-2204B,D
2400-ZSH-2204B,D
2400-ZSHH-2204B,D
2400-ZSH-2204C,D
2400-ZSHH-2204C,D
2400-ZSH-2204D,D
2400-ZSHH-2204D,D
2400-LSH-2205,D
2400-SSL-2205,D
2400-HSS-2205A,D
2400-ZSH-2205A,D
2400-ZSHH-2205A,D
2400-HSS-2205B,D
2400-ZSH-2205B,D
2400-ZSHH-2205B,D
2400-ZSH-2205C,D
2400-ZSHH-2205C,D
2400-ZSH-2205D,D
2400-ZSHH-2205D,D
2400-HS-2206,D
2400-HS-2207,D
2400-HS-2303,D
2400-YSR-2304,D
2400-HS-2305,D
2400-TSH-2320,D
2400-TSHH-2320,D
2400-LSH-2321,D
2400-LSL-2321,D
2400-PDSH-2322,D
2400-PDSH-2323,D
2400-PDSH-2324,D
2400-PDSH-2325,D
2400-PSH-2326,D
2400-PSL-2329,D
2400-PSL-2337,D
2400-LSL-2342,D
2400-HS-2345,D
2400-HSC-2345,D
2400-HSO-2345,D
2400-HS-2353,D
2400-HSC-2353,D
2400-HSO-2353,D
2400-LT-2353,D
2400-HS-2361,D
2400-HSC-2361,D
2400-HSO-2361,D
2400-ZSC-2361,D
2400-ZSO-2361,D
2400-XY-2362,D
2400-ZSC-2370,D
2400-ZSO-2370,D
2400-YS-2372A,D
2400-YS-2372B,D
2400-YS-2372C,D
2400-YS-2372D,D
2400-HS-2401,D
2400-HSD-2401,D
2400-HSU-2401,D
2400-YS-2401A,D
2400-YS-2401B,D
2400-HS-2406,D
2400-HS-2407,D
2400-ZSC-2502,D
2400-ZSO-2502,D
2400-ZSC-2505,D
2400-ZSO-2505,D
2400-ZSC-2514,D
2400-ZSO-2514,D
2400-ZSC-2515,D
2400-ZSO-2515,D
2400-FSL-2516,D
2400-FSL-2517,D
2400-HSS-2602A,D
2400-HSS-2602B,D
2400-HS-2611A,D
2400-HS-2611B,D
2400-HS-2612A,D
2400-HS-2612B,D
2400-HS-2613A,D
2400-HS-2613B,D
2400-HS-2614,D
2400-HS-2615,D
2400-PSSL-2616,D
2400-PSSL-2617,D
2400-ZSC-2618,D
2400-ZSO-2618,D
2400-ZSC-2814,D
2400-ZSO-2814,D
2400-HS-2814A,D
2400-HS-2814B,D
2400-HS-2814C,D
2400-SSH-2815,D
2400-HS-2831A,D
2400-HSS-2831BC,D
2400-PSL-2904,D
2400-TSH-2905,D
2400-TSL-2906,D
2400-ZS-2908,D
2400-ZS-2909,D
2400-PSL-2914,D
2400-LSL-2915,D
2400-ZS-2916,D
2400-PSL-2917,D
2400-LSL-2924,D
2400-ZS-2925,D
2400-YY-2201,D
2400-YY-2401,D
2400-YY-2104,D
2400-FYC-2131,D
2400-FYO-2131,D
2400-FYC-2132,D
2400-FYO-2132,D
2400-FYC-2133,D
2400-FYO-2133,D
2400-FYC-2134,D
2400-FYO-2134,D
2400-FYC-2135,D
2400-FYO-2135,D
2400-FYC-2136,D
2400-FYO-2136,D
2400-UL-2145,D
2400-ZLC-2145,D
2400-ZLO-2145,D
2400-XY-2146,D
2400-XY-2147,D
2400-XY-2148,D
2400-XY-2149,D
2400-XY-2150,D
2400-XY-2151,D
2400-UL-2153,D
2400-ZLC-2153,D
2400-ZLO-2153,D
2400-XY-2154,D
2400-XY-2155,D
2400-XY-2156,D
2400-XY-2157,D
2400-XY-2158,D
2400-XY-2159,D
2400-FYC-2161,D
2400-FYO-2161,D
2400-UL-2161,D
2400-ZLC-2161,D
2400-ZLO-2161,D
2400-XY-2162,D
2400-FYC-2170,D
2400-FYO-2170,D
2400-YY-2172A,D
2400-YY-2172B,D
2400-YY-2172C,D
2400-SLD-2201,D
2400-SLU-2201,D
2400-UL-2201,D
2400-XY-2201A,D
2400-XY-2201B,D
2400-YB-2203,D
2400-YL-2203,D
2400-YB-2204,D
2400-YL-2204,D
2400-YB-2205,D
2400-YL-2205,D
2400-YY-2304,D
2400-FV-2331,D
2400-FYC-2331,D
2400-FYO-2331,D
2400-FV-2332,D
2400-FYC-2332,D
2400-FYO-2332,D
2400-FV-2333,D
2400-FYC-2333,D
2400-FYO-2333,D
2400-FV-2334,D
2400-FYC-2334,D
2400-FYO-2334,D
2400-FV-2335,D
2400-FYC-2335,D
2400-FYO-2335,D
2400-FV-2336,D
2400-FYC-2336,D
2400-FYO-2336,D
2400-UL-2345,D
2400-ZLC-2345,D
2400-ZLO-2345,D
2400-XY-2346,D
2400-XY-2347,D
2400-XY-2348,D
2400-XY-2349,D
2400-XY-2350,D
2400-XY-2351,D
2400-UL-2353,D
2400-ZLC-2353,D
2400-ZLO-2353,D
2400-XY-2354,D
2400-XY-2355,D
2400-XY-2356,D
2400-XY-2357,D
2400-XY-2358,D
2400-XY-2359,D
2400-FV-2361,D
2400-FYC-2361,D
2400-FYO-2361,D
2400-UL-2361,D
2400-ZLC-2361,D
2400-ZLO-2361,D
2400-FYC-2370,D
2400-FYO-2370,D
2400-YY-2372A,D
2400-YY-2372B,D
2400-YY-2372C,D
2400-SLD-2401,D
2400-SLU-2401,D
2400-UL-2401,D
2400-XY-2401A,D
2400-XY-2401B,D
2400-FY-2502,D
2400-FY-2505,D
2400-FY-2514,D
2400-FY-2515,D
2400-FY-2516,D
2400-FY-2517,D
2400-YB-2602,D
2400-YL-2602,D
2400-YLR-2602,D
2400-JL-2602A,D
2400-UL-2602A,D
2400-JL-2602B,D
2400-UL-2602B,D
2400-YB-2829,D
2400-YB-2831,D
2400-YL-2831,D
2400-YLR-2831J,D
2400-UL-2831L,D
2400-SV-2912,D
2400-SV-2918,D
2400-SV-2920,D
2400-SV-2923,D
2400-ALM-2117,D
2400-FLT-2117,D
2400-JI-2117,D
2400-MOT-2117,D
2400-HK-2118,D
2400-HK-2119,D
2400-HK-2120,D
2400-II-2201,D
2400-SIC-2201,D
2400-XA-2201,D
2400-II-2202,D
2400-MOT-2202,D
2400-XA-2202,D
2400-II-2203,D
2400-MOT-2203,D
2400-XA-2203,D
2400-II-2204,D
2400-MOT-2204,D
2400-XA-2204,D
2400-II-2205,D
2400-MOT-2205,D
2400-XA-2205,D
2400-ALM-2317,D
2400-FLT-2317,D
2400-JI-2317,D
2400-MOT-2317,D
2400-HK-2318,D
2400-HK-2319,D
2400-HK-2320,D
2400-II-2401,D
2400-SIC-2401,D
2400-XA-2401,D
2400-II-2402,D
2400-MOT-2402,D
2400-XA-2402,D
2400-II-2506,D
2400-MOT-2506,D
2400-XA-2506,D
2400-MOT-2508,D
2400-II-2516,D
2400-SIC-2516,D
2400-SZ-2516,D
2400-XA-2516,D
2400-II-2517,D
2400-SIC-2517,D
2400-SZ-2517,D
2400-XA-2517,D
2400-II-2602,D
2400-SIC-2602,D
2400-SZ-2602,D
2400-XA-2602,D
2400-PSL-2603A,D
2400-PSL-2603B,D
2400-PSL-2605A,D
2400-PSL-2605B,D
2400-PSL-2607A,D
2400-PSL-2607B,D
2400-PSL-2609A,D
2400-PSL-2609B,D
2400-SIC-2805,D
2400-II-2831,D
2400-XA-2831,D